{"count":1,"self":26994.032639999998,"total":95852.711114199992,"children":{"InitializeActuators":{"count":16,"self":0.0060006999999999994,"total":0.0060006999999999994,"children":null},"InitializeSensors":{"count":16,"self":0.0030001999999999997,"total":0.0030001999999999997,"children":null},"AgentSendState":{"count":29592069,"self":105.9629696,"total":1683.793784,"children":{"CollectObservations":{"count":10936023,"self":1352.1317887999999,"total":1352.131837,"children":null},"WriteActionMask":{"count":10936023,"self":14.0184448,"total":14.0184444,"children":null},"RequestDecision":{"count":10936023,"self":51.2702752,"total":211.6805339,"children":{"AgentInfo.ToProto":{"count":10936023,"self":40.9338528,"total":160.410258,"children":{"GenerateSensorData":{"count":10936023,"self":119.4764032,"total":119.47640539999999,"children":null}}}}}}},"DecideAction":{"count":29592069,"self":67125.29387519999,"total":67125.295723299991,"children":null},"AgentAct":{"count":29592069,"self":48.277296,"total":48.2772946,"children":null},"AgentInfo.ToProto":{"count":47700,"self":0.4746183,"total":1.2999535,"children":{"GenerateSensorData":{"count":47700,"self":0.82533519999999994,"total":0.82533519999999994,"children":null}}}},"gauges":{"AbilityChoose.CumulativeReward":{"count":47700,"max":15.7554512,"min":-9.326106,"runningAverage":8.135993,"value":14.3588963,"weightedAverage":7.943714}},"metadata":{"timer_format_version":"0.1.0","start_time_seconds":"1653651881","unity_version":"2021.2.1f1","command_line_arguments":"C:\\Program Files\\Unity\\Hub\\Editor\\2021.2.1f1\\Editor\\Unity.exe -projectpath C:\/Users\/Xander\/Documents\/Coding\/UnityProjects\/WowBossFightML -useHub -hubIPC -cloudEnvironment production -hubSessionId 490d7340-dd16-11ec-8d85-29541d04b389 -accessToken BOdH8zY6D4EOncNqi5kVpQ1CbRUkDVeO-uNmBzb2T3I002f","communication_protocol_version":"1.5.0","com.unity.ml-agents_version":"2.0.1","scene_name":"SampleScene","end_time_seconds":"1653747734"}}